ip,path,time
,/scores/,2023_12_19_22_34_01
,/jobs/,2023_12_19_22_34_03
,/profiles/,2023_12_19_22_34_04
,/jobs/,2023_12_19_22_34_05
Jackson,/jobs/,2023_12_19_22_34_05
Jackson,/jobs/,2023_12_19_22_34_10
,/,2023_12_19_22_35_38
Jackson,/jobs/,2023_12_19_22_35_40
Jackson,/scores/,2023_12_19_22_35_50
Toby,/job_details/,2023_12_19_22_36_05
Toby,/,2023_12_19_22_36_20
Jackson,/scores/,2023_12_19_22_36_21
Toby,/job_details/,2023_12_19_22_36_22
Jackson,/jobs/,2023_12_19_22_36_22
Toby,/,2023_12_19_22_36_26
Toby,/add_job/,2023_12_19_22_36_34
Toby,/add_job/,2023_12_19_22_37_08
Toby,/jobs/,2023_12_19_22_37_08
Toby,/job_details/,2023_12_19_22_37_09
Jackson,/scores/,2023_12_19_22_37_09
Toby,/jobs/,2023_12_19_22_37_11
Jackson,/scores/,2023_12_19_22_37_12
Toby,/job_details/,2023_12_19_22_37_15
Toby,/complete_job/,2023_12_19_22_37_20
Toby,/jobs/,2023_12_19_22_37_21
Jackson,/jobs/,2023_12_19_22_37_22
Jackson,/job_details/,2023_12_19_22_37_29
Jackson,/jobs/,2023_12_19_22_37_31
Jackson,/scores/,2023_12_19_22_37_34
Jackson,/scores/,2023_12_19_22_37_36
Toby,/scores/,2023_12_19_22_37_37
Jackson,/jobs/,2023_12_19_22_37_38
Jackson,/scores/,2023_12_19_22_37_41
Toby,/jobs/,2023_12_19_22_37_42
Jackson,/scores_details/Toby/,2023_12_19_22_37_42
Toby,/job_details/,2023_12_19_22_37_45
Jackson,/scores/,2023_12_19_22_37_45
Toby,/complete_job/,2023_12_19_22_37_46
Toby,/jobs/,2023_12_19_22_37_46
Toby,/scores/,2023_12_19_22_37_48
Toby,/scores_details/Toby/,2023_12_19_22_37_50
Toby,/scores/,2023_12_19_22_38_00
Jackson,/scores/,2023_12_19_22_39_13
Jackson,/jobs/,2023_12_19_22_39_24
Jackson,/job_details/,2023_12_19_22_39_29
Jackson,/jobs/,2023_12_19_22_39_30
Jackson,/scores/,2023_12_19_22_39_32
Jackson,/jobs/,2023_12_19_22_40_41
Jackson,/scores/,2023_12_19_22_40_44
Jackson,/jobs/,2023_12_19_22_56_08
Jackson,/scores/,2023_12_19_22_56_13
Olaf,/jobs/,2023_12_19_23_02_43
Olaf,/jobs/,2023_12_19_23_02_46
Olaf,/scores/,2023_12_19_23_02_52
Jackson,/jobs/,2023_12_19_23_18_45
Jackson,/scores/,2023_12_19_23_18_47
Jackson,/jobs/,2023_12_19_23_18_48
Jackson,/scores/,2023_12_19_23_18_53
Jackson,/jobs/,2023_12_19_23_19_31
Jackson,/scores/,2023_12_19_23_19_32
Jackson,/jobs/,2023_12_19_23_36_50
Jackson,/scores/,2023_12_19_23_36_54
Jackson,/jobs/,2023_12_19_23_36_56
Jackson,/jobs/,2023_12_19_23_39_47
Jackson,/jobs/,2023_12_19_23_39_49
Jackson,/scores/,2023_12_19_23_39_51
Jackson,/jobs/,2023_12_20_00_06_44
Jackson,/scores/,2023_12_20_00_06_47
Jackson,/jobs/,2023_12_20_00_33_43
Jackson,/scores/,2023_12_20_00_33_46
Jackson,/scores/,2023_12_20_00_33_48
Jackson,/jobs/,2023_12_20_00_33_51
Jackson,/jobs/,2023_12_20_00_36_42
Jackson,/job_details/,2023_12_20_00_36_47
Jackson,/jobs/,2023_12_20_00_36_48
Olaf,/jobs/,2023_12_20_01_51_30
Olaf,/jobs/,2023_12_20_01_51_33
Olaf,/scores/,2023_12_20_01_51_35
Jackson,/jobs/,2023_12_20_02_13_55
Jackson,/scores/,2023_12_20_02_13_58
,/,2023_12_20_02_44_13
Jackson,/jobs/,2023_12_20_03_02_40
Jackson,/scores/,2023_12_20_03_02_44
Jackson,/jobs/,2023_12_20_04_59_50
Jackson,/scores/,2023_12_20_04_59_52
Jackson,/jobs/,2023_12_20_08_00_39
Jackson,/scores/,2023_12_20_08_00_41
Jackson,/jobs/,2023_12_20_08_21_35
Jackson,/scores/,2023_12_20_08_21_39
Jackson,/jobs/,2023_12_20_08_50_56
Jackson,/scores/,2023_12_20_08_50_57
Jackson,/scores/,2023_12_20_09_14_16
Jackson,/scores/,2023_12_20_17_59_22
Jackson,/jobs/,2023_12_20_17_59_24
Jackson,/job_details/,2023_12_20_17_59_29
Jackson,/jobs/,2023_12_20_17_59_32
Jackson,/jobs/,2023_12_20_18_27_17
Jackson,/scores/,2023_12_20_18_27_20
Jackson,/jobs/,2023_12_20_18_57_55
Jackson,/jobs/,2023_12_21_03_30_37
Jackson,/scores/,2023_12_21_03_30_41
Brie,/,2023_12_21_05_22_27
Jackson,/jobs/,2023_12_22_01_45_19
Jackson,/scores/,2023_12_22_01_45_21
Jackson,/scores_details/Toby/,2023_12_22_01_45_28
Jackson,/scores/,2023_12_22_01_45_30
,/,2023_12_22_01_49_22
Jackson,/jobs/,2023_12_22_03_53_17
Jackson,/scores/,2023_12_22_03_53_19
Jackson,/jobs/,2023_12_22_10_28_49
Jackson,/scores/,2023_12_22_10_28_51
Jackson,/jobs/,2023_12_22_19_35_43
Jackson,/scores/,2023_12_22_19_35_45
Jackson,/jobs/,2023_12_22_23_00_27
Jackson,/scores/,2023_12_22_23_00_29
Jackson,/jobs/,2023_12_22_23_00_31
Dan,/jobs/,2023_12_23_05_44_28
Dan,/job_details/,2023_12_23_05_44_31
Dan,/jobs/,2023_12_23_05_44_34
Dan,/jobs/,2023_12_23_05_44_40
Dan,/scores/,2023_12_23_05_44_42
Dan,/scores_details/Jackson/,2023_12_23_05_44_55
Dan,/scores/,2023_12_23_05_45_01
Dan,/scores_details/Olaf/,2023_12_23_05_45_03
Dan,/scores/,2023_12_23_05_45_05
Dan,/jobs/,2023_12_23_05_45_07
Dan,/scores/,2023_12_23_05_45_10
Dan,/jobs/,2023_12_23_05_45_18
Dan,/job_details/,2023_12_23_05_45_44
Dan,/jobs/,2023_12_23_05_45_46
Dan,/job_details/,2023_12_23_05_45_50
Dan,/jobs/,2023_12_23_05_45_52
Jackson,/jobs/,2023_12_23_07_23_01
Jackson,/scores/,2023_12_23_07_23_03
Jackson,/jobs/,2023_12_23_19_57_02
Jackson,/scores/,2023_12_23_19_57_04
Kelsey,/,2023_12_23_20_39_07
Kelsey,/scores/,2023_12_23_20_39_21
Kelsey,/scores_details/Olaf/,2023_12_23_20_39_29
Kelsey,/scores/,2023_12_23_20_39_31
Kelsey,/scores_details/Jackson/,2023_12_23_20_39_32
Kelsey,/scores/,2023_12_23_20_39_35
Kelsey,/scores_details/Toby/,2023_12_23_20_39_37
Kelsey,/scores/,2023_12_23_20_39_42
Kelsey,/scores_details/Kelsey/,2023_12_23_20_39_44
Kelsey,/scores/,2023_12_23_20_39_46
Kelsey,/scores_details/Brie/,2023_12_23_20_39_47
Kelsey,/scores/,2023_12_23_20_39_50
Kelsey,/scores_details/Dan/,2023_12_23_20_39_51
Kelsey,/scores/,2023_12_23_20_39_53
Jackson,/jobs/,2023_12_23_23_13_50
Jackson,/job_details/,2023_12_23_23_13_54
Jackson,/scores/,2023_12_23_23_13_56
Jackson,/jobs/,2023_12_23_23_13_59
Jackson,/,2023_12_24_05_07_45
Jackson,/jobs/,2023_12_24_06_24_16
Jackson,/scores/,2023_12_24_06_24_18
Jackson,/jobs/,2023_12_24_09_33_38
Jackson,/scores/,2023_12_24_09_33_41
Jackson,/jobs/,2023_12_24_23_55_12
Jackson,/scores/,2023_12_24_23_55_15
Dan,/jobs/,2023_12_25_08_34_43
Dan,/job_details/,2023_12_25_08_34_48
Dan,/complete_job/,2023_12_25_08_34_51
Dan,/jobs/,2023_12_25_08_34_52
Dan,/job_details/,2023_12_25_08_34_55
Dan,/complete_job/,2023_12_25_08_34_58
Dan,/jobs/,2023_12_25_08_34_58
Dan,/scores/,2023_12_25_08_35_00
Dan,/scores_details/Brie/,2023_12_25_09_08_28
Dan,/scores/,2023_12_25_09_08_30
Dan,/scores_details/Brie/,2023_12_25_09_08_32
Dan,/scores/,2023_12_25_09_08_34
Dan,/jobs/,2023_12_25_09_08_40
Brie,/jobs/,2023_12_25_09_09_06
Brie,/job_details/,2023_12_25_09_09_15
Dan,/scores/,2023_12_25_09_09_17
Brie,/complete_job/,2023_12_25_09_09_21
Brie,/jobs/,2023_12_25_09_09_22
Brie,/scores/,2023_12_25_09_09_38
Dan,/scores/,2023_12_25_09_09_45
Brie,/scores_details/Jackson/,2023_12_25_09_11_24
Brie,/scores/,2023_12_25_09_11_28
Brie,/scores_details/Brie/,2023_12_25_09_11_30
Brie,/scores/,2023_12_25_09_11_32
Brie,/scores_details/Toby/,2023_12_25_09_11_34
Brie,/scores/,2023_12_25_09_11_40
Brie,/scores_details/Olaf/,2023_12_25_09_11_42
Brie,/scores/,2023_12_25_09_11_44
Brie,/scores_details/Kelsey/,2023_12_25_09_11_45
Brie,/scores/,2023_12_25_09_11_46
Brie,/scores_details/Olaf/,2023_12_25_09_11_50
Brie,/scores/,2023_12_25_09_11_55
Brie,/scores_details/Kelsey/,2023_12_25_09_11_57
Brie,/scores/,2023_12_25_09_11_58
Brie,/scores_details/Dan/,2023_12_25_09_12_04
Brie,/scores/,2023_12_25_09_12_06
Brie,/scores_details/Brie/,2023_12_25_09_12_06
Brie,/scores/,2023_12_25_09_12_10
Brie,/scores_details/Dan/,2023_12_25_09_12_12
Brie,/scores/,2023_12_25_09_12_30
Dan,/scores/,2023_12_25_10_28_27
Jackson,/jobs/,2023_12_25_10_59_10
Jackson,/scores/,2023_12_25_10_59_12
Jackson,/scores_details/Brie/,2023_12_25_10_59_18
Jackson,/scores/,2023_12_25_10_59_21
Jackson,/scores_details/Dan/,2023_12_25_10_59_24
Jackson,/scores/,2023_12_25_10_59_26
Jackson,/jobs/,2023_12_25_10_59_33
Jackson,/scores/,2023_12_25_10_59_36
Jackson,/scores/,2023_12_25_10_59_59
Jackson,/jobs/,2023_12_25_10_59_59
Jackson,/scores/,2023_12_25_11_00_05
Jackson,/jobs/,2023_12_25_11_00_07
Jackson,/job_details/,2023_12_25_11_00_12
Jackson,/jobs/,2023_12_25_11_00_16
Jackson,/job_details/,2023_12_25_11_00_18
Jackson,/jobs/,2023_12_25_11_00_19
Jackson,/job_details/,2023_12_25_11_00_20
Jackson,/jobs/,2023_12_25_11_00_21
Jackson,/job_details/,2023_12_25_11_00_22
Jackson,/jobs/,2023_12_25_11_00_26
Jackson,/scores/,2023_12_25_11_00_27
Jackson,/scores_details/Jackson/,2023_12_25_11_00_29
Jackson,/scores/,2023_12_25_11_00_34
Olaf,/jobs/,2023_12_26_07_31_09
Olaf,/scores/,2023_12_26_07_31_12
Jackson,/jobs/,2023_12_26_19_10_31
Jackson,/scores/,2023_12_26_19_10_33
Jackson,/scores_details/Toby/,2023_12_26_19_10_37
Jackson,/scores/,2023_12_26_19_10_40
Dan,/jobs/,2023_12_26_23_10_33
Dan,/job_details/,2023_12_26_23_10_46
Dan,/jobs/,2023_12_26_23_10_47
Dan,/job_details/,2023_12_26_23_10_51
Dan,/jobs/,2023_12_26_23_10_53
Dan,/jobs/,2023_12_27_01_50_53
Dan,/job_details/,2023_12_27_01_50_55
Dan,/jobs/,2023_12_27_01_50_56
Dan,/job_details/,2023_12_27_01_51_08
Dan,/jobs/,2023_12_27_01_51_11
Dan,/jobs/,2023_12_27_01_51_12
Dan,/scores/,2023_12_27_01_51_14
Dan,/scores_details/Olaf/,2023_12_27_01_51_16
Jackson,/jobs/,2023_12_27_05_10_36
Jackson,/scores/,2023_12_27_05_10_40
Jackson,/jobs/,2023_12_27_05_10_43
Jackson,/jobs/,2023_12_27_05_45_19
Jackson,/jobs/,2023_12_27_06_10_23
Jackson,/scores/,2023_12_27_06_10_23
,/scores_details/Olaf/,2023_12_27_07_01_41
Jackson,/jobs/,2023_12_27_21_55_26
Jackson,/add_job/,2023_12_27_21_55_28
Jackson,/jobs/,2023_12_27_21_55_30
Jackson,/scores/,2023_12_27_21_55_35
,/jobs/,2023_12_27_22_46_18
,/profiles/,2023_12_27_22_46_23
,/jobs/,2023_12_27_22_46_25
Brie,/jobs/,2023_12_27_22_46_25
Brie,/scores/,2023_12_27_22_46_28
Brie,/scores/,2023_12_27_22_46_28
Brie,/jobs/,2023_12_27_22_46_33
Brie,/add_job/,2023_12_27_22_46_57
Brie,/add_job/,2023_12_27_22_48_44
Brie,/jobs/,2023_12_27_22_48_45
Brie,/job_details/,2023_12_27_22_48_50
Brie,/complete_job/,2023_12_27_22_48_56
Brie,/jobs/,2023_12_27_22_48_56
Brie,/scores/,2023_12_27_22_49_00
Brie,/scores_details/Brie/,2023_12_27_22_49_12
Brie,/scores/,2023_12_27_22_49_13
Brie,/jobs/,2023_12_27_22_49_14
Brie,/job_details/,2023_12_27_22_49_17
Brie,/jobs/,2023_12_27_22_49_21
Brie,/scores/,2023_12_27_22_49_26
Brie,/scores_details/Olaf/,2023_12_27_22_49_28
Brie,/scores/,2023_12_27_22_49_31
,/jobs/,2023_12_28_02_53_15
,/profiles/,2023_12_28_02_53_17
,/jobs/,2023_12_28_02_53_19
Dan,/jobs/,2023_12_28_02_53_19
Dan,/job_details/,2023_12_28_02_53_22
Dan,/complete_job/,2023_12_28_02_53_25
Dan,/jobs/,2023_12_28_02_53_25
Dan,/scores/,2023_12_28_02_53_27
Dan,/scores_details/Dan/,2023_12_28_02_53_31
Dan,/scores/,2023_12_28_02_53_34
Dan,/jobs/,2023_12_28_02_53_35
Dan,/jobs/,2023_12_28_03_23_16
Jackson,/jobs/,2023_12_28_04_56_46
Jackson,/scores/,2023_12_28_04_56_47
Jackson,/jobs/,2023_12_28_04_56_50
Jackson,/job_details/,2023_12_28_04_56_59
Jackson,/jobs/,2023_12_28_04_57_00
Jackson,/job_details/,2023_12_28_04_57_02
Jackson,/jobs/,2023_12_28_04_57_03
Jackson,/scores/,2023_12_28_04_57_11
Jackson,/scores_details/Kelsey/,2023_12_28_04_57_13
Jackson,/scores/,2023_12_28_04_57_14
Jackson,/jobs/,2023_12_28_06_25_41
Jackson,/jobs/,2023_12_28_06_26_48
,/,2023_12_29_04_34_41
,/scores/,2023_12_29_05_06_00
,/jobs/,2023_12_29_05_06_06
,/jobs/,2023_12_29_05_06_06
,/profiles/,2023_12_29_05_06_09
,/jobs/,2023_12_29_05_06_11
Olaf,/jobs/,2023_12_29_05_06_12
Olaf,/scores/,2023_12_29_05_07_03
Olaf,/scores_details/Brie/,2023_12_29_05_07_36
Olaf,/scores/,2023_12_29_05_07_41
Olaf,/scores_details/Brie/,2023_12_29_05_07_48
Olaf,/scores/,2023_12_29_05_07_54
Olaf,/scores_details/Dan/,2023_12_29_05_07_58
Olaf,/scores/,2023_12_29_05_08_03
Olaf,/jobs/,2023_12_29_05_08_17
Jackson,/jobs/,2023_12_31_23_27_15
Olaf,/jobs/,2024_01_01_02_57_55
Brie,/jobs/,2024_01_01_07_32_40
Dan,/jobs/,2024_01_01_07_32_45
Brie,/job_details/,2024_01_01_07_32_58
Brie,/jobs/,2024_01_01_07_33_05
Brie,/scores/,2024_01_01_07_33_06
Brie,/scores_details/Dan/,2024_01_01_07_33_42
Brie,/scores/,2024_01_01_07_33_55
Brie,/jobs/,2024_01_01_07_34_11
Jackson,/jobs/,2024_01_01_19_54_53
Jackson,/scores/,2024_01_01_19_54_56
Jackson,/jobs/,2024_01_01_19_55_02
,/jobs/,2024_01_03_00_39_19
,/profiles/,2024_01_03_00_39_23
,/jobs/,2024_01_03_00_39_24
Jackson,/jobs/,2024_01_03_00_39_27
Jackson,/scores/,2024_01_03_00_39_31
Jackson,/jobs/,2024_01_06_05_39_21
Jackson,/scores/,2024_01_06_05_39_33
Jackson,/jobs/,2024_01_06_05_39_39
Jackson,/jobs/,2024_01_06_05_44_24
Jackson,/scores/,2024_01_06_05_44_33
Jackson,/jobs/,2024_01_06_07_42_57
Jackson,/scores/,2024_01_06_07_43_03
Jackson,/scores/,2024_01_06_07_43_04
Dan,/jobs/,2024_01_06_07_45_02
Dan,/scores/,2024_01_06_07_46_00
Brie,/jobs/,2024_01_06_21_58_17
Brie,/scores/,2024_01_06_21_58_20
Brie,/scores_details/Brie/,2024_01_06_21_58_38
Brie,/jobs/,2024_01_06_21_58_42
Brie,/job_details/,2024_01_06_21_58_52
Brie,/jobs/,2024_01_06_21_58_57
Jackson,/jobs/,2024_01_07_05_30_59
Jackson,/scores/,2024_01_07_05_31_01
Jackson,/jobs/,2024_01_08_02_47_34
Jackson,/scores/,2024_01_08_02_47_37
Jackson,/jobs/,2024_01_08_02_47_42
Dan,/jobs/,2024_01_08_04_12_35
Jackson,/jobs/,2024_01_08_18_41_51
Jackson,/scores/,2024_01_08_18_41_54
Jackson,/jobs/,2024_01_08_18_41_57
Jackson,/jobs/,2024_01_08_19_30_40
Jackson,/job_details/,2024_01_08_19_30_43
Jackson,/complete_job/,2024_01_08_19_30_44
Jackson,/jobs/,2024_01_08_19_30_44
Jackson,/scores/,2024_01_08_19_30_45
Jackson,/scores/,2024_01_08_19_30_47
,/,2024_01_08_22_52_25
,/profiles/,2024_01_08_22_52_28
,/jobs/,2024_01_08_22_52_30
Toby,/jobs/,2024_01_08_22_52_30
Toby,/scores/,2024_01_08_22_52_32
Toby,/,2024_01_08_22_53_57
Toby,/job_details/,2024_01_08_22_54_04
Dan,/jobs/,2024_01_08_23_06_40
Jackson,/,2024_01_08_23_40_24
Jackson,/,2024_01_08_23_40_26
Dan,/job_details/,2024_01_08_23_59_42
Dan,/complete_job/,2024_01_08_23_59_50
Dan,/jobs/,2024_01_08_23_59_50
Dan,/scores/,2024_01_08_23_59_53
,/,2024_01_09_00_07_23
,/profiles/,2024_01_09_00_07_27
,/jobs/,2024_01_09_00_07_28
Kelsey,/jobs/,2024_01_09_00_07_28
Kelsey,/job_details/,2024_01_09_00_07_34
Kelsey,/complete_job/,2024_01_09_00_07_35
Kelsey,/jobs/,2024_01_09_00_07_36
Kelsey,/jobs/,2024_01_09_00_07_38
Kelsey,/scores/,2024_01_09_00_07_39
Kelsey,/scores_details/Kelsey/,2024_01_09_00_08_09
Dan,/scores/,2024_01_09_00_09_11
Dan,/jobs/,2024_01_09_00_09_12
Dan,/scores/,2024_01_09_00_09_22
Dan,/scores_details/Toby/,2024_01_09_00_18_09
Dan,/scores/,2024_01_09_00_18_11
Dan,/scores_details/Toby/,2024_01_09_00_18_14
Dan,/scores/,2024_01_09_00_18_15
Dan,/jobs/,2024_01_09_00_40_14
Dan,/job_details/,2024_01_09_00_40_17
Dan,/job_details/,2024_01_09_00_40_19
Dan,/jobs/,2024_01_09_02_01_44
Dan,/job_details/,2024_01_09_02_01_47
Dan,/complete_job/,2024_01_09_02_01_50
Dan,/jobs/,2024_01_09_02_01_51
Dan,/job_details/,2024_01_09_02_01_53
Dan,/complete_job/,2024_01_09_02_01_56
Dan,/jobs/,2024_01_09_02_01_56
Dan,/scores/,2024_01_09_02_01_58
Dan,/scores_details/Dan/,2024_01_09_02_05_11
Dan,/scores/,2024_01_09_02_05_18
Dan,/jobs/,2024_01_09_02_05_22
Dan,/job_details/,2024_01_09_02_05_28
Dan,/jobs/,2024_01_09_02_05_29
Dan,/scores/,2024_01_09_02_05_30
Dan,/scores_details/Kelsey/,2024_01_09_02_05_32
Dan,/scores/,2024_01_09_02_05_33
Dan,/scores_details/Toby/,2024_01_09_02_05_36
Dan,/scores/,2024_01_09_02_05_37
Jackson,/jobs/,2024_01_09_02_07_33
Jackson,/jobs/,2024_01_09_02_07_54
Jackson,/scores/,2024_01_09_02_07_55
Jackson,/scores_details/Jackson/,2024_01_09_02_08_03
Jackson,/jobs/,2024_01_09_02_08_07
Jackson,/job_details/,2024_01_09_02_08_19
Jackson,/job_details/,2024_01_09_02_08_31
Jackson,/job_details/,2024_01_09_02_08_38
Jackson,/job_details/,2024_01_09_02_08_53
Jackson,/jobs/,2024_01_09_02_08_56
Jackson,/job_details/,2024_01_09_02_09_03
Jackson,/jobs/,2024_01_09_02_09_04
Jackson,/job_details/,2024_01_09_02_09_05
Jackson,/jobs/,2024_01_09_02_09_07
Jackson,/add_job/,2024_01_09_02_09_09
Jackson,/jobs/,2024_01_09_02_09_11
Jackson,/scores/,2024_01_09_02_09_12
Jackson,/scores/,2024_01_09_02_09_21
Jackson,/jobs/,2024_01_09_02_09_38
Jackson,/scores/,2024_01_09_02_09_57
Jackson,/jobs/,2024_01_09_02_09_59
Brie,/jobs/,2024_01_09_02_28_18
Brie,/job_details/,2024_01_09_02_28_26
Brie,/complete_job/,2024_01_09_02_28_27
Brie,/jobs/,2024_01_09_02_28_28
Dan,/jobs/,2024_01_09_02_28_34
Brie,/job_details/,2024_01_09_02_28_34
Brie,/scores/,2024_01_09_02_28_48
Dan,/scores/,2024_01_09_02_28_48
Brie,/scores_details/Kelsey/,2024_01_09_02_28_51
Brie,/scores/,2024_01_09_02_28_53
Brie,/scores_details/Kelsey/,2024_01_09_02_28_56
Brie,/scores/,2024_01_09_02_28_59
Brie,/scores_details/Toby/,2024_01_09_02_29_00
Dan,/scores_details/Kelsey/,2024_01_09_02_29_01
Dan,/scores/,2024_01_09_02_29_02
Brie,/scores/,2024_01_09_02_29_12
Brie,/scores_details/Brie/,2024_01_09_02_29_17
Brie,/scores/,2024_01_09_02_29_19
Brie,/scores_details/Kelsey/,2024_01_09_02_29_21
Brie,/scores/,2024_01_09_02_29_24
Brie,/scores_details/Dan/,2024_01_09_02_29_32
Brie,/scores/,2024_01_09_02_29_36
Brie,/scores_details/Brie/,2024_01_09_02_30_26
Brie,/scores/,2024_01_09_02_30_36
Dan,/scores_details/Dan/,2024_01_09_02_31_46
Jackson,/jobs/,2024_01_09_04_14_37
Jackson,/scores/,2024_01_09_04_14_39
Jackson,/scores_details/Dan/,2024_01_09_04_14_43
Jackson,/scores/,2024_01_09_04_14_47
Jackson,/scores_details/Kelsey/,2024_01_09_04_14_48
Jackson,/scores/,2024_01_09_04_14_52
Jackson,/jobs/,2024_01_09_04_28_27
Jackson,/scores/,2024_01_09_04_28_31
Toby,/,2024_01_09_04_29_04
Toby,/job_details/,2024_01_09_04_29_07
Toby,/complete_job/,2024_01_09_04_29_11
Toby,/jobs/,2024_01_09_04_29_12
Toby,/scores/,2024_01_09_04_29_13
Toby,/scores_details/Kelsey/,2024_01_09_04_29_22
Toby,/scores/,2024_01_09_04_29_26
Jackson,/scores/,2024_01_09_04_29_27
Jackson,/scores_details/Dan/,2024_01_09_04_29_32
Jackson,/scores/,2024_01_09_04_29_35
Jackson,/scores/,2024_01_09_04_32_51
Toby,/scores_details/Kelsey/,2024_01_09_04_36_15
Toby,/,2024_01_09_04_36_22
Olaf,/scores/,2024_01_09_04_38_57
Olaf,/jobs/,2024_01_09_04_39_12
Dan,/jobs/,2024_01_09_04_39_20
Dan,/scores/,2024_01_09_04_39_22
Dan,/scores_details/Brie/,2024_01_09_04_39_25
Dan,/scores/,2024_01_09_04_39_27
Dan,/scores_details/Brie/,2024_01_09_04_40_32
Dan,/scores/,2024_01_09_04_40_33
Dan,/jobs/,2024_01_09_04_40_35
Dan,/jobs/,2024_01_09_04_47_25
Dan,/scores/,2024_01_09_04_47_25
Jackson,/jobs/,2024_01_09_05_09_27
Jackson,/scores/,2024_01_09_05_09_29
Jackson,/scores_details/Dan/,2024_01_09_05_09_36
Dan,/jobs/,2024_01_09_05_15_27
Dan,/scores/,2024_01_09_05_15_34
Brie,/jobs/,2024_01_09_05_15_41
Brie,/job_details/,2024_01_09_05_15_44
Brie,/complete_job/,2024_01_09_05_15_48
Brie,/jobs/,2024_01_09_05_15_48
Brie,/scores/,2024_01_09_05_15_55
Brie,/scores_details/Brie/,2024_01_09_05_16_30
Brie,/scores/,2024_01_09_05_16_32
Kelsey,/,2024_01_09_10_02_59
Kelsey,/job_details/,2024_01_09_10_03_05
Kelsey,/jobs/,2024_01_09_10_03_07
Kelsey,/scores/,2024_01_09_10_03_09
Kelsey,/scores_details/Kelsey/,2024_01_09_10_03_15
Kelsey,/scores/,2024_01_09_10_03_20
Kelsey,/scores_details/Toby/,2024_01_09_10_03_32
Kelsey,/scores/,2024_01_09_10_03_43
Kelsey,/jobs/,2024_01_09_10_03_45
Kelsey,/scores/,2024_01_09_10_05_30
Kelsey,/scores/,2024_01_09_10_05_37
Kelsey,/jobs/,2024_01_09_10_05_41
Kelsey,/scores/,2024_01_09_10_07_33
Kelsey,/jobs/,2024_01_09_10_07_33
Kelsey,/job_details/,2024_01_09_10_07_36
Kelsey,/scores/,2024_01_09_10_07_38
Kelsey,/scores/,2024_01_09_10_07_38
Kelsey,/scores_details/Dan/,2024_01_09_10_07_47
Kelsey,/scores_details/Dan/,2024_01_09_10_08_22
Kelsey,/scores_details/Jackson/,2024_01_09_10_08_48
Kelsey,/scores_details/Olaf/,2024_01_09_10_09_58
Kelsey,/scores_details/Dan/,2024_01_09_10_10_08
Kelsey,/scores/,2024_01_09_10_13_00
Brie,/scores/,2024_01_09_10_13_12
Brie,/scores_details/Brie/,2024_01_09_10_13_13
Brie,/scores/,2024_01_09_10_13_18
Brie,/scores_details/Dan/,2024_01_09_10_13_20
Brie,/scores/,2024_01_09_10_13_41
Brie,/scores_details/Toby/,2024_01_09_10_13_43
Brie,/scores/,2024_01_09_10_13_48
Brie,/scores_details/Brie/,2024_01_09_10_13_49
Kelsey,/scores_details/Brie/,2024_01_09_10_13_57
Kelsey,/scores_details/Toby/,2024_01_09_10_13_58
Dan,/jobs/,2024_01_09_10_14_11
Dan,/jobs/,2024_01_09_10_14_24
Brie,/scores/,2024_01_09_10_14_24
Dan,/scores/,2024_01_09_10_14_25
Dan,/scores_details/Dan/,2024_01_09_10_14_31
Dan,/jobs/,2024_01_09_10_14_37
Dan,/job_details/,2024_01_09_10_15_04
Dan,/jobs/,2024_01_09_10_15_05
Dan,/jobs/,2024_01_09_17_37_16
Jackson,/jobs/,2024_01_09_19_56_34
Jackson,/scores/,2024_01_09_19_56_36
Jackson,/jobs/,2024_01_09_19_56_45
Jackson,/scores/,2024_01_09_19_56_59
Jackson,/jobs/,2024_01_09_19_57_10
Jackson,/jobs/,2024_01_09_19_57_28
Jackson,/scores/,2024_01_09_19_57_29
Jackson,/scores_details/Dan/,2024_01_09_19_57_33
Jackson,/scores/,2024_01_09_19_57_41
Jackson,/scores_details/Dan/,2024_01_09_19_58_01
Jackson,/jobs/,2024_01_09_19_58_09
Jackson,/job_details/,2024_01_09_19_58_17
Jackson,/jobs/,2024_01_09_19_58_19
Jackson,/scores/,2024_01_09_19_58_44
Jackson,/scores/,2024_01_09_19_58_46
Jackson,/scores_details/Olaf/,2024_01_09_19_59_21
Jackson,/scores/,2024_01_09_19_59_22
Jackson,/scores_details/Jackson/,2024_01_09_19_59_24
Jackson,/scores/,2024_01_09_20_07_10
Jackson,/jobs/,2024_01_09_20_22_11
Jackson,/scores/,2024_01_09_20_22_13
Jackson,/jobs/,2024_01_09_20_22_19
Toby,/,2024_01_09_20_37_13
Toby,/scores/,2024_01_09_20_38_10
Toby,/scores_details/Dan/,2024_01_09_20_38_14
Toby,/scores_details/Brie/,2024_01_09_20_38_26
Brie,/jobs/,2024_01_09_21_35_07
Brie,/job_details/,2024_01_09_21_35_13
Brie,/complete_job/,2024_01_09_21_35_15
Brie,/jobs/,2024_01_09_21_35_16
Brie,/job_details/,2024_01_09_21_35_18
Brie,/complete_job/,2024_01_09_21_35_20
Brie,/jobs/,2024_01_09_21_35_21
Brie,/scores/,2024_01_09_21_35_23
Brie,/scores_details/Toby/,2024_01_09_21_35_29
Brie,/scores/,2024_01_09_21_35_32
Brie,/scores_details/Kelsey/,2024_01_09_21_35_36
Brie,/scores/,2024_01_09_21_35_37
Brie,/scores_details/Brie/,2024_01_09_21_35_39
Brie,/jobs/,2024_01_09_21_35_48
Jackson,/jobs/,2024_01_10_00_28_04
Jackson,/scores/,2024_01_10_00_28_06
Jackson,/jobs/,2024_01_10_02_01_21
Jackson,/add_job/,2024_01_10_02_01_25
Jackson,/add_job/,2024_01_10_02_01_52
Jackson,/jobs/,2024_01_10_02_01_53
Dan,/jobs/,2024_01_10_02_02_59
Dan,/scores/,2024_01_10_02_03_00
Dan,/scores_details/Brie/,2024_01_10_02_03_06
Dan,/jobs/,2024_01_10_02_03_13
Dan,/scores/,2024_01_10_02_03_14
Dan,/jobs/,2024_01_10_02_03_35
Jackson,/jobs/,2024_01_10_02_03_50
Jackson,/scores/,2024_01_10_02_03_51
Jackson,/jobs/,2024_01_10_02_03_56
Dan,/scores/,2024_01_10_02_04_08
Dan,/jobs/,2024_01_10_02_04_31
Dan,/jobs/,2024_01_10_02_13_16
Dan,/scores/,2024_01_10_02_13_17
Olaf,/jobs/,2024_01_10_02_15_13
Olaf,/scores/,2024_01_10_02_15_28
Jackson,/jobs/,2024_01_10_02_43_43
Jackson,/scores/,2024_01_10_02_43_44
Jackson,/scores/,2024_01_10_02_43_45
Jackson,/scores_details/Brie/,2024_01_10_02_43_47
Jackson,/scores/,2024_01_10_02_43_51
Jackson,/scores_details/Dan/,2024_01_10_02_43_53
Jackson,/scores/,2024_01_10_02_43_54
Dan,/jobs/,2024_01_10_02_55_57
Dan,/scores/,2024_01_10_02_55_59
Dan,/jobs/,2024_01_10_02_56_01
Dan,/scores/,2024_01_10_02_56_03
Dan,/scores_details/Toby/,2024_01_10_02_56_05
Dan,/jobs/,2024_01_10_04_14_07
Dan,/scores/,2024_01_10_04_14_12
Brie,/jobs/,2024_01_10_05_01_49
Brie,/jobs/,2024_01_10_05_27_49
Brie,/job_details/,2024_01_10_05_27_50
Brie,/jobs/,2024_01_10_05_27_53
Brie,/scores/,2024_01_10_05_27_54
Brie,/jobs/,2024_01_10_05_27_58
Brie,/scores/,2024_01_10_05_28_06
Brie,/jobs/,2024_01_10_05_28_08
Brie,/scores/,2024_01_10_05_28_26
Brie,/jobs/,2024_01_10_05_28_38
Jackson,/scores/,2024_01_10_06_08_14
Jackson,/scores/,2024_01_10_06_08_16
Kelsey,/,2024_01_10_07_07_25
Kelsey,/scores/,2024_01_10_07_07_29
Kelsey,/scores_details/Toby/,2024_01_10_07_07_31
Kelsey,/jobs/,2024_01_10_07_07_33
Kelsey,/scores/,2024_01_10_07_08_16
Kelsey,/jobs/,2024_01_10_07_08_25
Kelsey,/job_details/,2024_01_10_07_08_26
Kelsey,/complete_job/,2024_01_10_07_08_27
Kelsey,/jobs/,2024_01_10_07_08_28
Kelsey,/scores/,2024_01_10_07_08_30
Kelsey,/scores_details/Kelsey/,2024_01_10_07_08_34
Kelsey,/scores/,2024_01_10_07_08_39
Kelsey,/scores_details/Toby/,2024_01_10_07_08_41
Jackson,/jobs/,2024_01_10_08_08_21
Jackson,/scores/,2024_01_10_08_08_24
Jackson,/scores/,2024_01_10_08_17_24
Kelsey,/,2024_01_10_10_52_38
Kelsey,/scores/,2024_01_10_10_52_45
Kelsey,/scores_details/Brie/,2024_01_10_10_53_16
Kelsey,/scores_details/Dan/,2024_01_10_10_53_26
Kelsey,/scores/,2024_01_10_10_53_30
Toby,/,2024_01_10_12_37_20
Toby,/job_details/,2024_01_10_12_37_24
Toby,/complete_job/,2024_01_10_12_37_27
Toby,/jobs/,2024_01_10_12_37_28
Toby,/job_details/,2024_01_10_12_37_33
Toby,/complete_job/,2024_01_10_12_37_34
Toby,/jobs/,2024_01_10_12_37_34
Toby,/scores/,2024_01_10_12_37_39
Olaf,/scores/,2024_01_10_19_17_36
Olaf,/jobs/,2024_01_10_19_17_41
Olaf,/job_details/,2024_01_10_19_17_45
Olaf,/complete_job/,2024_01_10_19_17_49
Olaf,/jobs/,2024_01_10_19_17_49
Olaf,/scores/,2024_01_10_19_18_06
Olaf,/scores/,2024_01_10_19_45_20
Jackson,/jobs/,2024_01_10_20_00_52
Jackson,/scores/,2024_01_10_20_00_55
Jackson,/scores_details/Jackson/,2024_01_10_20_01_11
Jackson,/scores/,2024_01_10_20_01_12
Jackson,/jobs/,2024_01_10_20_03_32
Jackson,/scores/,2024_01_10_20_03_36
Jackson,/jobs/,2024_01_10_20_03_43
Jackson,/scores/,2024_01_10_20_03_44
Jackson,/jobs/,2024_01_10_20_03_49
Jackson,/job_details/,2024_01_10_20_03_58
Jackson,/jobs/,2024_01_10_20_03_59
Jackson,/job_details/,2024_01_10_20_04_02
Jackson,/job_details/,2024_01_10_20_04_02
Jackson,/jobs/,2024_01_10_20_04_04
Jackson,/job_details/,2024_01_10_20_04_07
Jackson,/jobs/,2024_01_10_20_04_08
Jackson,/scores/,2024_01_10_20_04_17
Jackson,/jobs/,2024_01_10_20_07_07
Jackson,/job_details/,2024_01_10_20_07_08
Jackson,/complete_job/,2024_01_10_20_07_11
Jackson,/jobs/,2024_01_10_20_07_11
Jackson,/scores/,2024_01_10_20_07_12
Jackson,/jobs/,2024_01_10_20_18_03
Jackson,/jobs/,2024_01_10_21_26_35
Jackson,/scores/,2024_01_10_21_26_37
Jackson,/scores/,2024_01_10_21_26_40
Jackson,/jobs/,2024_01_10_21_26_42
Jackson,/jobs/,2024_01_10_21_28_19
Jackson,/scores/,2024_01_10_21_28_20
Jackson,/jobs/,2024_01_10_21_28_22
,/jobs/,2024_01_10_23_00_56
,/profiles/,2024_01_10_23_17_36
,/jobs/,2024_01_10_23_17_37
Jackson,/jobs/,2024_01_10_23_17_38
Jackson,/scores/,2024_01_10_23_17_41
Jackson,/jobs/,2024_01_11_00_03_26
Jackson,/scores/,2024_01_11_00_03_43
Jackson,/scores_details/Toby/,2024_01_11_00_03_51
Jackson,/scores/,2024_01_11_00_03_53
Jackson,/scores_details/Brie/,2024_01_11_00_03_54
Jackson,/jobs/,2024_01_11_00_03_55
Jackson,/jobs/,2024_01_11_00_03_57
,/jobs/,2024_01_11_04_16_42
,/scores/,2024_01_11_04_16_45
,/jobs/,2024_01_11_04_17_35
,/profiles/,2024_01_11_04_17_38
,/jobs/,2024_01_11_04_17_40
Brie,/jobs/,2024_01_11_04_17_40
Brie,/job_details/,2024_01_11_04_17_43
Brie,/complete_job/,2024_01_11_04_17_45
Brie,/jobs/,2024_01_11_04_17_46
Brie,/scores/,2024_01_11_04_17_47
Brie,/jobs/,2024_01_11_04_17_59
Jackson,/jobs/,2024_01_11_05_56_50
Jackson,/scores/,2024_01_11_05_56_51
Jackson,/jobs/,2024_01_11_05_56_55
Jackson,/scores/,2024_01_11_05_56_57
Jackson,/scores_details/Brie/,2024_01_11_05_57_01
Brie,/jobs/,2024_01_11_06_55_30
Jackson,/jobs/,2024_01_11_07_16_11
Jackson,/scores/,2024_01_11_07_16_13
Jackson,/scores/,2024_01_11_07_16_15
Jackson,/jobs/,2024_01_11_18_04_03
Jackson,/scores/,2024_01_11_18_04_04
Jackson,/jobs/,2024_01_11_20_47_40
Jackson,/scores/,2024_01_11_20_47_42
,/,2024_01_11_20_48_44
Olaf,/jobs/,2024_01_11_21_13_59
Olaf,/job_details/,2024_01_11_21_14_02
Olaf,/complete_job/,2024_01_11_21_14_04
Olaf,/jobs/,2024_01_11_21_14_05
Olaf,/scores/,2024_01_11_21_14_10
Jackson,/jobs/,2024_01_11_21_22_28
Jackson,/scores/,2024_01_11_21_22_31
Jackson,/scores/,2024_01_11_21_22_32
Jackson,/jobs/,2024_01_11_21_22_33
Jackson,/scores/,2024_01_11_21_22_37
Jackson,/jobs/,2024_01_11_21_22_42
Jackson,/job_details/,2024_01_11_21_22_46
Jackson,/jobs/,2024_01_11_21_22_48
Jackson,/job_details/,2024_01_11_21_22_51
Jackson,/jobs/,2024_01_11_21_22_53
Jackson,/job_details/,2024_01_11_21_22_58
Jackson,/jobs/,2024_01_11_21_22_59
Jackson,/jobs/,2024_01_12_03_34_22
Jackson,/scores/,2024_01_12_03_34_24
Jackson,/jobs/,2024_01_12_03_34_27
Jackson,/jobs/,2024_01_12_03_45_25
Jackson,/scores/,2024_01_12_03_45_26
Jackson,/scores_details/Toby/,2024_01_12_03_45_28
Jackson,/scores/,2024_01_12_03_45_30
Jackson,/jobs/,2024_01_12_03_45_31
Jackson,/scores/,2024_01_12_04_12_16
,/scores/,2024_01_12_05_24_18
,/jobs/,2024_01_12_05_24_23
,/profiles/,2024_01_12_05_24_25
,/jobs/,2024_01_12_05_24_27
Olaf,/jobs/,2024_01_12_05_24_27
Olaf,/job_details/,2024_01_12_05_24_31
Olaf,/complete_job/,2024_01_12_05_24_34
Olaf,/jobs/,2024_01_12_05_24_34
Olaf,/scores/,2024_01_12_05_24_35
Jackson,/jobs/,2024_01_12_07_14_39
Jackson,/scores/,2024_01_12_07_14_41
Jackson,/scores/,2024_01_12_07_14_43
Jackson,/jobs/,2024_01_12_07_14_46
Jackson,/jobs/,2024_01_12_08_24_46
Jackson,/scores/,2024_01_12_08_24_50
Jackson,/jobs/,2024_01_12_08_33_34
Olaf,/scores/,2024_01_12_13_26_06
Jackson,/jobs/,2024_01_12_18_47_25
Jackson,/scores/,2024_01_12_18_47_26
Jackson,/scores/,2024_01_12_18_47_27
Jackson,/jobs/,2024_01_12_18_47_29
Jackson,/jobs/,2024_01_12_18_55_44
Kelsey,/,2024_01_12_22_08_04
Kelsey,/scores/,2024_01_12_22_08_16
Brie,/jobs/,2024_01_12_23_56_26
Brie,/job_details/,2024_01_12_23_56_30
Brie,/complete_job/,2024_01_12_23_56_32
Brie,/jobs/,2024_01_12_23_56_33
Brie,/job_details/,2024_01_12_23_56_35
Brie,/complete_job/,2024_01_12_23_56_36
Brie,/jobs/,2024_01_12_23_56_37
Brie,/scores/,2024_01_12_23_56_46
Brie,/scores_details/Toby/,2024_01_12_23_57_01
Brie,/jobs/,2024_01_12_23_57_08
Brie,/scores/,2024_01_12_23_57_09
Brie,/scores_details/Brie/,2024_01_12_23_57_11
Brie,/scores/,2024_01_12_23_57_26
Brie,/scores_details/Toby/,2024_01_12_23_57_28
Brie,/jobs/,2024_01_12_23_57_35
Jackson,/jobs/,2024_01_13_05_32_36
Jackson,/scores/,2024_01_13_05_32_39
Jackson,/jobs/,2024_01_13_08_19_15
Jackson,/scores/,2024_01_13_08_19_19
Jackson,/scores_details/Toby/,2024_01_13_08_19_22
Jackson,/scores/,2024_01_13_08_19_25
Jackson,/scores_details/Brie/,2024_01_13_08_19_26
Jackson,/scores/,2024_01_13_08_19_29
Jackson,/scores_details/Olaf/,2024_01_13_08_19_32
Jackson,/scores/,2024_01_13_08_24_51
Brie,/jobs/,2024_01_14_01_04_58
Brie,/jobs/,2024_01_14_01_05_00
Brie,/scores/,2024_01_14_01_05_17
Brie,/jobs/,2024_01_14_01_05_20
Brie,/scores/,2024_01_14_01_05_38
Brie,/scores_details/Brie/,2024_01_14_01_06_37
Brie,/scores/,2024_01_14_01_06_41
Brie,/scores_details/Toby/,2024_01_14_01_06_43
Brie,/scores/,2024_01_14_01_06_50
Brie,/scores_details/Kelsey/,2024_01_14_01_06_58
Brie,/scores/,2024_01_14_01_06_59
Brie,/scores_details/Brie/,2024_01_14_01_07_01
Brie,/jobs/,2024_01_14_01_07_33
Jackson,/jobs/,2024_01_14_02_20_34
Jackson,/job_details/,2024_01_14_02_20_39
Jackson,/complete_job/,2024_01_14_02_20_39
Jackson,/jobs/,2024_01_14_02_20_40
Jackson,/scores/,2024_01_14_02_20_41
Jackson,/scores/,2024_01_14_02_20_43
Jackson,/jobs/,2024_01_14_04_37_43
Jackson,/scores/,2024_01_14_04_37_44
Olaf,/scores/,2024_01_14_06_32_14
Olaf,/scores/,2024_01_14_06_32_35
Olaf,/scores/,2024_01_14_06_32_42
Olaf,/jobs/,2024_01_14_06_32_42
Olaf,/job_details/,2024_01_14_06_32_50
Olaf,/complete_job/,2024_01_14_06_32_53
Olaf,/jobs/,2024_01_14_06_32_58
Jackson,/jobs/,2024_01_14_21_21_21
Jackson,/scores/,2024_01_14_21_21_24
Jackson,/scores_details/Brie/,2024_01_14_21_21_31
Jackson,/scores/,2024_01_14_21_21_36
Jackson,/scores_details/Jackson/,2024_01_14_21_21_37
Jackson,/scores/,2024_01_14_21_21_40
Jackson,/scores_details/Toby/,2024_01_14_21_21_41
Jackson,/scores/,2024_01_14_21_21_43
Jackson,/jobs/,2024_01_14_22_26_08
Jackson,/scores/,2024_01_14_22_26_11
Jackson,/scores_details/Olaf/,2024_01_14_22_26_13
Jackson,/scores/,2024_01_14_22_26_15
,/,2024_01_15_11_46_19
,/profiles/,2024_01_15_11_46_20
,/jobs/,2024_01_15_11_46_21
Jackson,/jobs/,2024_01_15_11_46_21
Jackson,/job_details/,2024_01_15_11_46_23
Jackson,/jobs/,2024_01_15_11_46_28
Jackson,/job_details/,2024_01_15_11_46_30
Jackson,/jobs/,2024_01_15_11_46_31
Jackson,/job_details/,2024_01_15_11_46_32
Jackson,/jobs/,2024_01_15_11_46_33
Jackson,/job_details/,2024_01_15_11_46_36
Jackson,/jobs/,2024_01_15_11_46_39
Jackson,/job_details/,2024_01_15_11_46_41
Jackson,/jobs/,2024_01_15_11_46_42
Jackson,/job_details/,2024_01_15_11_46_45
Jackson,/jobs/,2024_01_15_11_46_49
Jackson,/job_details/,2024_01_15_11_46_53
Jackson,/job_details/,2024_01_15_11_47_24
Jackson,/jobs/,2024_01_15_11_47_30
Jackson,/job_details/,2024_01_15_11_47_34
Jackson,/jobs/,2024_01_15_11_47_37
Jackson,/job_details/,2024_01_15_11_47_38
Jackson,/jobs/,2024_01_15_11_47_41
Jackson,/job_details/,2024_01_15_11_47_42
Jackson,/jobs/,2024_01_15_11_47_43
Jackson,/job_details/,2024_01_15_11_47_45
Jackson,/jobs/,2024_01_15_11_47_47
Jackson,/job_details/,2024_01_15_11_47_48
Jackson,/jobs/,2024_01_15_11_47_49
Jackson,/job_details/,2024_01_15_11_47_57
Jackson,/jobs/,2024_01_15_11_47_59
Jackson,/scores/,2024_01_15_11_48_03
Jackson,/scores_details/Olaf/,2024_01_15_11_48_06
Jackson,/scores/,2024_01_15_11_48_07
Jackson,/jobs/,2024_01_15_11_48_08
Jackson,/job_details/,2024_01_15_11_48_32
Jackson,/jobs/,2024_01_15_11_48_34
Jackson,/job_details/,2024_01_15_11_48_36
Jackson,/jobs/,2024_01_15_11_48_37
Jackson,/job_details/,2024_01_15_11_48_41
Jackson,/jobs/,2024_01_15_11_48_42
Jackson,/job_details/,2024_01_15_11_49_32
Jackson,/jobs/,2024_01_15_11_49_35
Jackson,/job_details/,2024_01_15_12_11_01
Jackson,/jobs/,2024_01_15_12_11_04
Jackson,/job_details/,2024_01_15_12_11_05
Jackson,/jobs/,2024_01_15_12_11_07
Jackson,/job_details/,2024_01_15_12_11_08
Jackson,/jobs/,2024_01_15_12_11_22
Jackson,/job_details/,2024_01_15_12_11_23
Jackson,/jobs/,2024_01_15_12_11_25
Jackson,/job_details/,2024_01_15_12_11_26
Jackson,/jobs/,2024_01_15_12_11_28
,/,2024_01_17_09_38_21
,/profiles/,2024_01_17_09_38_26
,/jobs/,2024_01_17_09_38_27
Jackson,/jobs/,2024_01_17_09_38_27
Jackson,/job_details/,2024_01_17_09_38_28
Jackson,/jobs/,2024_01_17_09_38_30
Jackson,/,2024_01_17_11_06_04
Jackson,/profiles/,2024_01_17_11_06_06
Jackson,/profiles/,2024_01_17_11_06_21
Jackson,/jobs/,2024_01_17_11_06_24
Jackson,/profiles/,2024_01_17_11_06_29
Jackson,/jobs/,2024_01_17_11_06_38
Jackson,/,2024_01_17_11_07_21
Jackson,/profiles/,2024_01_17_11_07_38
Jackson,/,2024_01_17_11_08_24
Jackson,/profiles/,2024_01_17_11_08_29
Jackson,/,2024_01_17_11_08_54
Jackson,/profiles/,2024_01_17_11_08_56
Jackson,/,2024_01_17_11_10_07
Jackson,/profiles/,2024_01_17_11_10_09
Jackson,/jobs/,2024_01_17_11_10_13
Jackson,/profiles/,2024_01_17_11_10_16
Jackson,/jobs/,2024_01_17_11_10_20
Jackson,/jobs/,2024_01_17_11_10_20
Jackson,/profiles/,2024_01_17_11_10_24
Jackson,/jobs/,2024_01_17_11_11_25
Jackson,/profiles/,2024_01_17_11_11_28
Jackson,/profiles/,2024_01_17_11_11_52
Jackson,/jobs/,2024_01_17_11_11_54
Jackson,/jobs/,2024_01_17_11_11_54
Jackson,/profiles/,2024_01_17_11_11_57
Jackson,/jobs/,2024_01_17_11_11_59
Kelsey,/jobs/,2024_01_17_11_11_59
Kelsey,/profiles/,2024_01_17_11_12_01
Kelsey,/jobs/,2024_01_17_11_12_02
Jackson,/jobs/,2024_01_17_11_12_02
Jackson,/profiles/,2024_01_17_11_12_13
Jackson,/,2024_01_17_11_13_20
Jackson,/profiles/,2024_01_17_11_13_22
Jackson,/jobs/,2024_01_17_11_13_25
Jackson,/profiles/,2024_01_17_11_13_27
Jackson,/scores/,2024_01_17_11_13_31
Jackson,/jobs/,2024_01_17_11_13_34
Jackson,/profiles/,2024_01_17_11_13_35
Jackson,/,2024_01_17_11_16_39
Jackson,/profiles/,2024_01_17_11_16_41
Jackson,/jobs/,2024_01_17_11_16_43
Jackson,/jobs/,2024_01_17_11_16_43
Jackson,/profiles/,2024_01_17_11_16_45
Jackson,/,2024_01_17_11_20_00
Jackson,/profiles/,2024_01_17_11_20_02
,/,2024_01_17_11_20_23
,/profiles/,2024_01_17_11_20_24
,/jobs/,2024_01_17_11_20_30
Jackson,/jobs/,2024_01_17_11_20_30
Jackson,/profiles/,2024_01_17_11_20_32
Jackson,/,2024_01_17_11_20_56
Jackson,/profiles/,2024_01_17_11_20_58
Jackson,/scores/,2024_01_17_11_21_00
Jackson,/profiles/,2024_01_17_11_21_01
Jackson,/scores/,2024_01_17_11_21_05
Jackson,/profiles/,2024_01_17_11_21_08
Jackson,/,2024_01_17_11_47_43
Jackson,/profiles/,2024_01_17_11_47_45
Jackson,/,2024_01_17_11_49_25
Jackson,/profiles/,2024_01_17_11_49_27
Jackson,/,2024_01_17_11_53_20
Jackson,/profiles/,2024_01_17_11_53_23
Jackson,/jobs/,2024_01_17_11_54_41
Olaf,/jobs/,2024_01_17_11_54_41
Olaf,/profiles/,2024_01_17_11_54_43
Olaf,/jobs/,2024_01_17_11_54_53
Jackson,/jobs/,2024_01_17_11_54_53
Jackson,/profiles/,2024_01_17_11_54_55
Jackson,/jobs/,2024_01_17_11_55_01
Olaf,/jobs/,2024_01_17_11_55_01
Olaf,/profiles/,2024_01_17_11_55_02
Olaf,/,2024_01_17_11_55_22
Olaf,/profiles/,2024_01_17_11_55_24
Olaf,/,2024_01_17_11_56_36
Olaf,/profiles/,2024_01_17_11_56_37
Olaf,/jobs/,2024_01_17_11_56_40
Jackson,/jobs/,2024_01_17_11_56_40
Jackson,/profiles/,2024_01_17_11_56_41
Jackson,/,2024_01_17_11_57_12
Jackson,/profiles/,2024_01_17_11_57_14
Jackson,/scores/,2024_01_17_11_57_37
Jackson,/profiles/,2024_01_17_11_57_59
Jackson,/,2024_01_17_11_59_23
Jackson,/profiles/,2024_01_17_11_59_24
Jackson,/,2024_01_17_11_59_41
Jackson,/profiles/,2024_01_17_11_59_46
Jackson,/,2024_01_17_11_59_58
Jackson,/profiles/,2024_01_17_11_59_59
Kelsey,/,2024_01_17_13_39_11
Kelsey,/profiles/,2024_01_17_13_39_13
Kelsey,/jobs/,2024_01_17_13_39_16
Jackson,/jobs/,2024_01_17_13_39_16
Jackson,/,2024_01_17_13_39_30
Jackson,/profiles/,2024_01_17_13_39_31
Jackson,/profiles/,2024_01_17_13_39_39
Jackson,/profiles/,2024_01_17_13_39_41
,/,2024_01_17_13_46_01
,/profiles/,2024_01_17_13_46_02
,/profiles/,2024_01_17_13_46_05
,/jobs/,2024_01_17_13_46_07
,/profiles/,2024_01_17_13_46_08
,/profiles/,2024_01_17_13_46_09
,/jobs/,2024_01_17_13_46_10
,/profiles/,2024_01_17_13_46_12
,/jobs/,2024_01_17_13_46_14
,/scores/,2024_01_17_13_46_15
,/jobs/,2024_01_17_13_46_16
,/profiles/,2024_01_17_13_46_16
,/profiles/,2024_01_17_13_46_19
,/profiles/,2024_01_17_13_46_20
,/profiles/,2024_01_17_13_46_21
,/jobs/,2024_01_17_13_46_22
,/,2024_01_17_13_46_35
,/profiles/,2024_01_17_13_46_36
,/jobs/,2024_01_17_13_46_37
Jackson,/jobs/,2024_01_17_13_46_37
Jackson,/profiles/,2024_01_17_13_46_39
Jackson,/jobs/,2024_01_17_13_46_40
Jackson,/profiles/,2024_01_17_13_46_45
Jackson,/jobs/,2024_01_17_13_46_48
Kelsey,/jobs/,2024_01_17_13_46_48
Kelsey,/jobs/,2024_01_17_13_46_50
Kelsey,/scores/,2024_01_17_13_46_51
Kelsey,/jobs/,2024_01_17_13_46_52
Kelsey,/profiles/,2024_01_17_13_46_53
Kelsey,/jobs/,2024_01_17_13_46_57
Kelsey,/scores/,2024_01_17_13_46_59
Kelsey,/jobs/,2024_01_17_13_47_01
Kelsey,/job_details/,2024_01_17_13_47_02
Kelsey,/complete_job/,2024_01_17_13_47_03
Kelsey,/jobs/,2024_01_17_13_47_03
Kelsey,/scores/,2024_01_17_13_47_05
Kelsey,/scores_details/Kelsey/,2024_01_17_13_47_08
Kelsey,/scores/,2024_01_17_13_47_09
,/,2024_01_17_13_52_55
,/profiles/,2024_01_17_13_52_58
,/jobs/,2024_01_17_13_53_01
Jackson,/jobs/,2024_01_17_13_53_01
Jackson,/profiles/,2024_01_17_13_53_05
Jackson,/jobs/,2024_01_17_13_53_12
Kelsey,/jobs/,2024_01_17_13_53_12
Kelsey,/profiles/,2024_01_17_13_53_14
,/,2024_01_17_13_58_13
,/profiles/,2024_01_17_13_58_15
,/jobs/,2024_01_17_13_58_18
Jackson,/jobs/,2024_01_17_13_58_18
Jackson,/,2024_01_17_14_00_07
Jackson,/profiles/,2024_01_17_14_00_08
Jackson,/jobs/,2024_01_17_14_00_13
Olaf,/jobs/,2024_01_17_14_00_13
Olaf,/profiles/,2024_01_17_14_00_17
Olaf,/jobs/,2024_01_17_14_00_23
Kelsey,/jobs/,2024_01_17_14_00_23
Kelsey,/profiles/,2024_01_17_14_00_24
Kelsey,/,2024_01_17_14_03_00
Kelsey,/profiles/,2024_01_17_14_03_02
Kelsey,/jobs/,2024_01_17_14_03_07
Jackson,/jobs/,2024_01_17_14_03_07
Jackson,/profiles/,2024_01_17_14_03_09
Jackson,/,2024_01_17_14_04_10
Jackson,/profiles/,2024_01_17_14_04_11
Jackson,/,2024_01_17_14_04_56
Jackson,/profiles/,2024_01_17_14_04_58
Jackson,/jobs/,2024_01_17_14_05_03
Olaf,/jobs/,2024_01_17_14_05_03
Olaf,/profiles/,2024_01_17_14_05_05
Olaf,/,2024_01_17_14_05_27
Olaf,/profiles/,2024_01_17_14_05_28
Olaf,/jobs/,2024_01_17_14_05_49
Jackson,/jobs/,2024_01_17_14_05_49
Jackson,/profiles/,2024_01_17_14_05_52
Jackson,/,2024_01_17_14_07_41
Jackson,/profiles/,2024_01_17_14_07_42
Jackson,/jobs/,2024_01_17_14_07_54
Toby,/jobs/,2024_01_17_14_07_54
Toby,/profiles/,2024_01_17_14_07_56
Toby,/,2024_01_17_14_08_09
Toby,/profiles/,2024_01_17_14_08_10
Toby,/jobs/,2024_01_17_14_08_13
Jackson,/jobs/,2024_01_17_14_08_13
Jackson,/profiles/,2024_01_17_14_08_14
Jackson,/,2024_01_17_14_08_45
Jackson,/profiles/,2024_01_17_14_08_46
Jackson,/jobs/,2024_01_17_14_08_55
Jackson,/profiles/,2024_01_17_14_08_56
Jackson,/jobs/,2024_01_17_14_08_58
Olaf,/jobs/,2024_01_17_14_08_58
Olaf,/profiles/,2024_01_17_14_09_00
